{"version": "1", "message": "ERROR: Hidden Testcases server unreachable.", "problem_id": "ADS-1 remedial-4", "user_id": "Arepallyrakesh", "score": {"sample": {"0": {"execution_time": 0.20322823524475098, "passed": true}, "1": {"execution_time": 0.2034142017364502, "passed": true}, "2": {"execution_time": 0.20322656631469727, "passed": true}, "3": {"execution_time": 0.20340895652770996, "passed": true}, "4": {"execution_time": 0.23447513580322266, "passed": true}, "5": {"execution_time": 0.2032334804534912, "passed": true}, "6": {"execution_time": 0.21184873580932617, "passed": true}}}, "check_style_score": "0/1"}